1DD672E0-6D14-4ADE-ADFB-D1E96386612B#appfire#SELECT zenHealthStatus.healthId,zenHealthStatus.scheduled_DateTime,zenHealthStatus.server_Instance_Id,zenHealthStatus.server_Ip_Address,\
FUNCTION('ROUND',100 - (zenHealthStatus.used_Space/zenHealthStatus.total_Space )* 100) AS free_Space,\
FUNCTION('ROUND',(zenHealthStatus.used_Space/zenHealthStatus.total_Space )* 100 ) AS used_Space,\
FUNCTION('ROUND',(zenHealthStatus.total_Space/1024)/1024) AS total_Space,\
zenHealthStatus.status FROM ZenHealthStatus AS zenHealthStatus\
  ORDER BY zenHealthStatus.scheduled_DateTime DESC#appfire#2#appfire#{"where":[],"fields":[{"fieldName":"healthId","name":"healthId","initParentAlias":"zenHealthStatus","alias":"zenHealthStatus.healthId","displayName":"healthId","fieldType":"java.lang.String","dataType":"VACHAR","xtype":"numberfield","fieldSize":"11","isPKey":true},{"fieldName":"scheduled_DateTime","name":"scheduled_DateTime","initParentAlias":"zenHealthStatus","alias":"zenHealthStatus.scheduled_DateTime","displayName":"scheduled_DateTime","fieldType":"java.sql.Timestamp","dataType":"DATETIME","xtype":"datefield","fieldSize":"","isPKey":false},{"fieldName":"server_Instance_Id","name":"server_Instance_Id","initParentAlias":"zenHealthStatus","alias":"zenHealthStatus.server_Instance_Id","displayName":"server_Instance_Id","fieldType":"java.lang.Integer","dataType":"INT","xtype":"textfield","fieldSize":"3","isPKey":false},{"fieldName":"server_Ip_Address","name":"server_Ip_Address","initParentAlias":"zenHealthStatus","alias":"zenHealthStatus.server_Ip_Address","displayName":"server_Ip_Address","fieldType":"java.lang.String","dataType":"VARCHAR","xtype":"textfield","fieldSize":"3","isPKey":false},{"fieldName":"free_Space","name":"free_Space","initParentAlias":"zenHealthStatus","alias":"zenHealthStatus.free_Space","displayName":"free_Space","fieldType":"java.lang.Double","dataType":"DOUBLE","xtype":"numberfield","fieldSize":"","isPKey":false},{"fieldName":"used_Space","name":"used_Space","initParentAlias":"zenHealthStatus","alias":"zenHealthStatus.used_Space","displayName":"used_Space","fieldType":"java.lang.Double","dataType":"DOUBLE","xtype":"numberfield","fieldSize":"","isPKey":false},{"fieldName":"total_Space","name":"total_Space","initParentAlias":"zenHealthStatus","alias":"zenHealthStatus.total_Space","displayName":"total_Space","fieldType":"java.lang.Double","dataType":"DOUBLE","xtype":"numberfield","fieldSize":"","isPKey":false},{"fieldName":"status","name":"status","initParentAlias":"zenHealthStatus","alias":"zenHealthStatus.status","displayName":"status","fieldType":"java.lang.String","dataType":"VARCHAR","xtype":"textfield","fieldSize":"256","isPKey":false}],"inputParams":[]}#appfire#System Memory Usage#appfire#SYSTEM MEMORY USAGE#appfire#ba9dced8-453e-49a3-b627-d497a1f91b17#appfire#V2MXXYAJDUDCAECCLYJUQ#appfire#1#appfire#0#appfire#2015-11-30 10:55:09#appfire#0#appfire#2015-11-30 10:55:09#appfire#0#appfire#1#appfire#\N
1E39C338-F8AD-4F9B-B272-62CC19BA9BC3#appfire#SELECT u FROM Login u WHERE u.systemInfo.activeStatus=1 AND u.user.userId IN (SELECT ub.userId FROM UserRoleBridge ub)#appfire#1#appfire#\N#appfire#findMappedUser#appfire#FINDMAPPEDUSER#appfire#ba9dced8-453e-49a3-b627-d497a1f91b17#appfire#V2MXXYAJDUDCAECCLYJUQ#appfire#1#appfire#0#appfire#2015-11-30 10:55:09#appfire#0#appfire#2015-11-30 10:55:09#appfire#0#appfire#1#appfire#\N
3D25F2C3-4A8F-42F9-9B9C-21B148565328#appfire#SELECT club.clubName,coreContacts.firstName,coreContacts.lastName FROM Club AS club,ClubMembers AS clubMembers,CoreContacts AS coreContacts \
 WHERE \
  clubMembers.clubId = club.clubId \
 AND clubMembers.contactId = coreContacts.contactId \
 \
 \
 #appfire#2#appfire#{"where":[{"_connIndex":"7178mm80-nn67-4389-1dc8-519a36mad5m5","_parentIndex":"isWhereRoot","left":{"name":"clubId","value":"clubMembers.clubId","valueType":1,"dataType":"VARCHAR","displayName":"Club Name","widget":"combo","alias":"ClubMembers","placeHolder":"clubId","fieldType":"isReference","entConfig":{"name":"ClubMembers","id":"61505911-73A7-46B8-9368-9CCD90CF39A0","type":"T","alias":"clubMembers","initParentAlias":"clubMembers"},"fieldConfig":{"fieldName":"clubId","name":"clubId","initParentAlias":"clubMembers","alias":"clubMembers.clubId","displayName":"Club Name","fieldType":"java.lang.String","dataType":"VARCHAR","xtype":"combo","fieldSize":"256","isPKey":false}},"operator":"=","right":{"name":"clubId","value":"club.clubId","valueType":1,"dataType":"VARCHAR","displayName":"Club Id","widget":"textfield","alias":"Club","placeHolder":"clubId","fieldType":"isReference","entConfig":{"name":"Club","id":"A86E4689-1355-4FB1-B144-CA4C8F14DB21","type":"T","alias":"club","initParentAlias":"club"},"fieldConfig":{"fieldName":"clubId","name":"clubId","initParentAlias":"club","alias":"club.clubId","displayName":"Club Id","fieldType":"java.lang.String","dataType":"VARCHAR","xtype":"textfield","fieldSize":"256","isPKey":true}}},{"relation":"AND"},{"_connIndex":"029m6a72-c12b-4266-0832-cmncdca2mamb","_parentIndex":"isWhereRoot","left":{"name":"contactId","value":"clubMembers.contactId","valueType":1,"dataType":"VARCHAR","displayName":"Contact","widget":"combo","alias":"ClubMembers","placeHolder":"contactId","fieldType":"isReference","entConfig":{"name":"ClubMembers","id":"61505911-73A7-46B8-9368-9CCD90CF39A0","type":"T","alias":"clubMembers","initParentAlias":"clubMembers"},"fieldConfig":{"fieldName":"contactId","name":"contactId","initParentAlias":"clubMembers","alias":"clubMembers.contactId","displayName":"Contact","fieldType":"java.lang.String","dataType":"VARCHAR","xtype":"combo","fieldSize":"64","isPKey":false}},"operator":"=","right":{"name":"contactId","value":"coreContacts.contactId","valueType":1,"dataType":"VARCHAR","displayName":"Contact Id","widget":"textfield","alias":"CoreContacts","placeHolder":"contactId","fieldType":"isReference","entConfig":{"name":"CoreContacts","id":"BF4EFB06-1210-4D0E-AC10-015695DB8D68","type":"T","alias":"coreContacts","initParentAlias":"coreContacts"},"fieldConfig":{"fieldName":"contactId","name":"contactId","initParentAlias":"coreContacts","alias":"coreContacts.contactId","displayName":"Contact Id","fieldType":"java.lang.String","dataType":"VARCHAR","xtype":"textfield","fieldSize":"64","isPKey":true}}}],"fields":[{"fieldName":"clubName","name":"clubName","initParentAlias":"club","alias":"club.clubName","displayName":"Club Name","fieldType":"java.lang.String","dataType":"VARCHAR","xtype":"textfield","fieldSize":"256","isPKey":false},{"fieldName":"firstName","name":"firstName","initParentAlias":"coreContacts","alias":"coreContacts.firstName","displayName":"First Name","fieldType":"java.lang.String","dataType":"VARCHAR","xtype":"textfield","fieldSize":"256","isPKey":false},{"fieldName":"lastName","name":"lastName","initParentAlias":"coreContacts","alias":"coreContacts.lastName","displayName":"Last Name","fieldType":"java.lang.String","dataType":"VARCHAR","xtype":"textfield","fieldSize":"256","isPKey":false}],"inputParams":[],"joinCondition":[]}#appfire#List Club Memebrs#appfire#LIST CLUB MEMEBRS#appfire#ba9dced8-453e-49a3-b627-d497a1f91b17#appfire#V2MXXYAJDUDCAECCLYJUQ#appfire#1#appfire#0#appfire#2015-11-30 10:55:09#appfire#0#appfire#2015-11-30 10:55:09#appfire#0#appfire#1#appfire#\N
418E491A-D152-48F4-BC22-8C0F922AB587#appfire#SELECT country.countryId,country.countryName,country.countryCode1,country.versionId,country.entityAudit.createdBy,country.entityAudit.createdDate,country.entityAudit.updatedBy,country.entityAudit.updatedDate FROM Country AS country \
 WHERE \
  country.countryId = :countryId \
 \
 \
 #appfire#\N#appfire#{"where":[{"_connIndex":"99nc31nc-cd78-4c43-1bdm-30d104d5dm72","_parentIndex":"isWhereRoot","left":{"name":"countryId","value":"country.countryId","valueType":1,"dataType":"VARCHAR","displayName":"Country Code","widget":"textfield","alias":"Country","placeHolder":"countryId","fieldType":"isReference","entConfig":{"name":"Country","id":"AA155F21-090D-4BEE-B691-41FA0D8BDB7A","type":"M","alias":"country","initParentAlias":"country"},"fieldConfig":{"fieldName":"countryId","name":"countryId","initParentAlias":"country","alias":"country.countryId","displayName":"Country Code","fieldType":"java.lang.String","dataType":"VARCHAR","xtype":"textfield","fieldSize":"64","isPKey":true}},"operator":"=","right":{"name":"countryId","value":":countryId","valueType":2,"dataType":"VARCHAR","displayName":"Country Code","widget":"textfield","alias":"Country","placeHolder":"countryId","fieldType":"isDynamic","entConfig":{"name":"Country","id":"AA155F21-090D-4BEE-B691-41FA0D8BDB7A","type":"M","alias":"country","initParentAlias":"country"},"fieldConfig":{"fieldName":"countryId","name":"countryId","initParentAlias":"country","alias":"country.countryId","displayName":"Country Code","fieldType":"java.lang.String","dataType":"VARCHAR","xtype":"textfield","fieldSize":"64","isPKey":true}}}],"fields":[{"fieldName":"countryId","name":"countryId","initParentAlias":"country","alias":"country.countryId","displayName":"Country Code","fieldType":"java.lang.String","dataType":"VARCHAR","xtype":"textfield","fieldSize":"64","isPKey":true},{"fieldName":"countryName","name":"countryName","initParentAlias":"country","alias":"country.countryName","displayName":"Name","fieldType":"java.lang.String","dataType":"VARCHAR","xtype":"textfield","fieldSize":"128","isPKey":false},{"fieldName":"countryCode1","name":"countryCode1","initParentAlias":"country","alias":"country.countryCode1","displayName":"Code 1","fieldType":"java.lang.String","dataType":"VARCHAR","xtype":"textfield","fieldSize":"3","isPKey":false},{"fieldName":"versionId","name":"versionId","initParentAlias":"country","alias":"country.versionId","displayName":"versionId","fieldType":"java.lang.Integer","dataType":"INT","xtype":"numberfield","fieldSize":"11","isPKey":false},{"fieldName":"createdBy","name":"createdBy","initParentAlias":"country","alias":"country.entityAudit.createdBy","displayName":"createdBy","fieldType":"java.lang.String","dataType":"VARCHAR","xtype":"textfield","fieldSize":"64","isPKey":false},{"fieldName":"createdDate","name":"createdDate","initParentAlias":"country","alias":"country.entityAudit.createdDate","displayName":"createdDate","fieldType":"java.sql.Timestamp","dataType":"DATETIME","xtype":"datefield","fieldSize":"","isPKey":false},{"fieldName":"updatedBy","name":"updatedBy","initParentAlias":"country","alias":"country.entityAudit.updatedBy","displayName":"updatedBy","fieldType":"java.lang.String","dataType":"VARCHAR","xtype":"textfield","fieldSize":"64","isPKey":false},{"fieldName":"updatedDate","name":"updatedDate","initParentAlias":"country","alias":"country.entityAudit.updatedDate","displayName":"updatedDate","fieldType":"java.sql.Timestamp","dataType":"DATETIME","xtype":"datefield","fieldSize":"","isPKey":false}],"inputParams":[{"dataType":"VARCHAR","placeHolder":"countryId","alias":"country.countryId","fieldType":"java.lang.String"}],"joinCondition":[]}#appfire#FetchCountry#appfire#FETCHCOUNTRY#appfire#\N#appfire#V2MXXYAJDUDCAECCLYJUQ#appfire#1#appfire#0#appfire#2015-11-30 10:55:09#appfire#0#appfire#2015-11-30 10:55:09#appfire#0#appfire#1#appfire#\N
43651222-193C-4C13-88C4-5788CA03B3BD#appfire#SELECT zenRequestDetails.requestId,zenRequestDetails.class_Name,zenRequestDetails.ip_Address,zenRequestDetails.request_Time,zenRequestDetails.request_Method,zenRequestDetails.http_Status,zenRequestDetails.return_Status,zenRequestDetails.execution_Time,zenRequestDetails.method_Name,zenRequestDetails.end_Time,zenRequestDetails.typeofClass,zenRequestDetails.callSeqId,zenRequestDetails.exceptionId,zenRequestDetails.appSessionId,zenRequestDetails.userId,login.coreContacts.firstName FROM ZenRequestDetails AS zenRequestDetails LEFT JOIN Login AS login\
 WHERE login.user.userId = zenRequestDetails.userId \
 ORDER BY  zenRequestDetails.request_Time DESC\
#appfire#2#appfire#{"where":[{"_connIndex":"42adb488-n539-44d7-b3m3-53n30acb1188","_parentIndex":"isWhereRoot","left":{"name":"userId","value":"login.user.userId","valueType":1,"dataType":"VARCHAR","displayName":"userId","widget":"textfield","alias":"User","placeHolder":"userId","fieldType":"isReference","entConfig":{"name":"User","id":112,"type":"TP","alias":"login.user","initParentAlias":"login","relationType":"11","isEntity":true},"fieldConfig":{"fieldName":"userId","name":"userId","initParentAlias":"login","alias":"login.user.userId","displayName":"userId","fieldType":"java.lang.String","dataType":"VARCHAR","xtype":"textfield","fieldSize":"64","isPKey":true}},"operator":"=","right":{"name":"userId","value":"zenRequestDetails.userId","valueType":1,"dataType":"VARCHAR","displayName":"userId","widget":"textfield","alias":"ZenRequestDetails","placeHolder":"userId","fieldType":"isReference","entConfig":{"name":"ZenRequestDetails","id":126,"type":"M","alias":"zenRequestDetails","initParentAlias":"zenRequestDetails"},"fieldConfig":{"fieldName":"userId","name":"userId","initParentAlias":"zenRequestDetails","alias":"zenRequestDetails.userId","displayName":"userId","fieldType":"java.lang.String","dataType":"VARCHAR","xtype":"textfield","fieldSize":"256","isPKey":false}}}],"fields":[{"fieldName":"requestId","name":"requestId","initParentAlias":"zenRequestDetails","alias":"zenRequestDetails.requestId","displayName":"requestId","fieldType":"java.lang.String","dataType":"VARCHAR","xtype":"numberfield","fieldSize":"11","isPKey":true},{"fieldName":"class_Name","name":"class_Name","initParentAlias":"zenRequestDetails","alias":"zenRequestDetails.class_Name","displayName":"class_Name","fieldType":"java.lang.String","dataType":"VARCHAR","xtype":"textfield","fieldSize":"256","isPKey":false},{"fieldName":"ip_Address","name":"ip_Address","initParentAlias":"zenRequestDetails","alias":"zenRequestDetails.ip_Address","displayName":"ip_Address","fieldType":"java.lang.String","dataType":"VARCHAR","xtype":"textfield","fieldSize":"11","isPKey":false},{"fieldName":"request_Time","name":"request_Time","initParentAlias":"zenRequestDetails","alias":"zenRequestDetails.request_Time","displayName":"request_Time","fieldType":"java.sql.Timestamp","dataType":"DATETIME","xtype":"datefield","fieldSize":"","isPKey":false},{"fieldName":"request_Method","name":"request_Method","initParentAlias":"zenRequestDetails","alias":"zenRequestDetails.request_Method","displayName":"request_Method","fieldType":"java.lang.String","dataType":"VARCHAR","xtype":"textfield","fieldSize":"256","isPKey":false},{"fieldName":"http_Status","name":"http_Status","initParentAlias":"zenRequestDetails","alias":"zenRequestDetails.http_Status","displayName":"http_Status","fieldType":"java.lang.String","dataType":"VARCHAR","xtype":"textfield","fieldSize":"32","isPKey":false},{"fieldName":"return_Status","name":"return_Status","initParentAlias":"zenRequestDetails","alias":"zenRequestDetails.return_Status","displayName":"return_Status","fieldType":"java.lang.String","dataType":"VARCHAR","xtype":"textfield","fieldSize":"256","isPKey":false},{"fieldName":"execution_Time","name":"execution_Time","initParentAlias":"zenRequestDetails","alias":"zenRequestDetails.execution_Time","displayName":"execution_Time","fieldType":"java.lang.Double","dataType":"DOUBLE","xtype":"datefield","fieldSize":"","isPKey":false},{"fieldName":"method_Name","name":"method_Name","initParentAlias":"zenRequestDetails","alias":"zenRequestDetails.method_Name","displayName":"method_Name","fieldType":"java.lang.String","dataType":"VARCHAR","xtype":"textfield","fieldSize":"256","isPKey":false},{"fieldName":"end_Time","name":"end_Time","initParentAlias":"zenRequestDetails","alias":"zenRequestDetails.end_Time","displayName":"end_Time","fieldType":"java.sql.Timestamp","dataType":"DATETIME","xtype":"datefield","fieldSize":"","isPKey":false},{"fieldName":"typeofClass","name":"typeofClass","initParentAlias":"zenRequestDetails","alias":"zenRequestDetails.typeofClass","displayName":"typeofClass","fieldType":"java.lang.String","dataType":"VARCHAR","xtype":"numberfield","fieldSize":"256","isPKey":false},{"fieldName":"callSeqId","name":"callSeqId","initParentAlias":"zenRequestDetails","alias":"zenRequestDetails.callSeqId","displayName":"callSeqId","fieldType":"java.lang.Integer","dataType":"INT","xtype":"numberfield","fieldSize":"11","isPKey":false},{"fieldName":"exceptionId","name":"exceptionId","initParentAlias":"zenRequestDetails","alias":"zenRequestDetails.exceptionId","displayName":"exceptionId","fieldType":"java.lang.Integer","dataType":"INT","xtype":"numberfield","fieldSize":"11","isPKey":false},{"fieldName":"appSessionId","name":"appSessionId","initParentAlias":"zenRequestDetails","alias":"zenRequestDetails.appSessionId","displayName":"appSessionId","fieldType":"java.lang.String","dataType":"VARCHAR","xtype":"textfield","fieldSize":"256","isPKey":false},{"fieldName":"userId","name":"userId","initParentAlias":"zenRequestDetails","alias":"zenRequestDetails.userId","displayName":"userId","fieldType":"java.lang.String","dataType":"VARCHAR","xtype":"textfield","fieldSize":"256","isPKey":false},{"fieldName":"firstName","name":"firstName","initParentAlias":"login","alias":"login.coreContacts.firstName","displayName":"firstName","fieldType":"java.lang.String","dataType":"VARCHAR","xtype":"textfield","fieldSize":"256","isPKey":false}],"inputParams":[]}#appfire#Request Details#appfire#REQUEST DETAILS#appfire#ba9dced8-453e-49a3-b627-d497a1f91b17#appfire#V2MXXYAJDUDCAECCLYJUQ#appfire#1#appfire#0#appfire#2015-11-30 10:55:09#appfire#0#appfire#2015-11-30 10:55:09#appfire#0#appfire#1#appfire#\N
6875470D-AB01-4D92-9F07-935CC8470207#appfire#SELECT zenHealth.monitor_id,zenHealth.scheduled_DateTime,zenHealth.server_Instance_Id,zenHealth.server_Ip_Address,zenHealth.total_Class,zenHealth.class_Loaded,\
zenHealth.class_Unloaded,zenHealth.gc_Collection_Time,zenHealth.gc_Memory_Name,\
(zenHealth.non_Heap_Committed/1024)/1024 AS  non_Heap_Committed,\
(zenHealth.non_Heap_used/1024)/1024 AS non_Heap_used,\
(zenHealth.heap_Committed/1024)/1024 AS heap_Committed,\
(zenHealth.max_Memory/1024)/1024  AS max_memory ,\
 100 - ((zenHealth.used_Memory/zenHealth.total_Memory) * 100) AS free_Memory,\
(zenHealth.heap_Used/1024)/1024 AS heap_Used,\
(zenHealth.total_Memory/1024)/1024 AS total_Memory,\
zenHealth.start_Time, zenHealth.up_Time,zenHealth.cpu_Time,\
(zenHealth.free_Physical_Size/1024)/1024 AS free_Physical_Size,\
(zenHealth.total_Physical_Memory_Size/1024)/1024 AS total_Physical_Memory_Size,\
zenHealth.cpu_Load_Time,\
FUNCTION('ROUND',(zenHealth.free_Swap_Size/1024)/1024) AS free_Swap_Size,\
zenHealth.system_Load_Average,\
FUNCTION('ROUND',(zenHealth.total_Swap_Size/1024)/1024) AS total_Swap_Size,\
zenHealth.available_Processor,zenHealth.total_Thread,\
zenHealth.thread_Peak_Count,zenHealth.thread_Started_Count,zenHealth.thread_Daemon_Count,zenHealth.thread_Cpu_Time,\
zenHealth.thread_User_Time,zenHealth.cpu_Load,\
(zenHealth.used_Memory/zenHealth.total_Memory) * 100 AS used_Memory,\
(zenHealth.used_Swap_Size/1024)/1024  AS used_Swap_Size,\
(zenHealth.used_Physical_Memory /1024)/1024  AS used_Physical_Memory \
FROM ZenHealth AS zenHealth\
ORDER BY zenHealth.scheduled_DateTime DESC#appfire#2#appfire#{"where":[],"fields":[{"fieldName":"monitor_id","name":"monitor_id","initParentAlias":"zenHealth","alias":"zenHealth.monitor_id","displayName":"monitor_id","fieldType":"java.lang.String","dataType":"VARCHAR","xtype":"numberfield","fieldSize":"11","isPKey":true},{"fieldName":"scheduled_DateTime","name":"scheduled_DateTime","initParentAlias":"zenHealth","alias":"zenHealth.scheduled_DateTime","displayName":"scheduled_DateTime","fieldType":"java.sql.Timestamp","dataType":"DATETIME","xtype":"datefield","fieldSize":"","isPKey":false},{"fieldName":"server_Instance_Id","name":"server_Instance_Id","initParentAlias":"zenHealth","alias":"zenHealth.server_Instance_Id","displayName":"server_Instance_Id","fieldType":"java.lang.Integer","dataType":"INT","xtype":"numberfield","fieldSize":"32","isPKey":false},{"fieldName":"server_Ip_Address","name":"server_Ip_Address","initParentAlias":"zenHealth","alias":"zenHealth.server_Ip_Address","displayName":"server_Ip_Address","fieldType":"java.lang.String","dataType":"VARCHAR","xtype":"textfield","fieldSize":"3","isPKey":false},{"fieldName":"total_Class","name":"total_Class","initParentAlias":"zenHealth","alias":"zenHealth.total_Class","displayName":"total_Class","fieldType":"java.lang.Integer","dataType":"INT","xtype":"textfield","fieldSize":"11","isPKey":false},{"fieldName":"class_Loaded","name":"class_Loaded","initParentAlias":"zenHealth","alias":"zenHealth.class_Loaded","displayName":"class_Loaded","fieldType":"java.lang.Integer","dataType":"INT","xtype":"textfield","fieldSize":"11","isPKey":false},{"fieldName":"class_Unloaded","name":"class_Unloaded","initParentAlias":"zenHealth","alias":"zenHealth.class_Unloaded","displayName":"class_Unloaded","fieldType":"java.lang.Integer","dataType":"INT","xtype":"combo","fieldSize":"11","isPKey":false},{"fieldName":"gc_Collection_Time","name":"gc_Collection_Time","initParentAlias":"zenHealth","alias":"zenHealth.gc_Collection_Time","displayName":"gc_Collection_Time","fieldType":"java.lang.Integer","dataType":"INT","xtype":"numberfield","fieldSize":"11","isPKey":false},{"fieldName":"gc_Memory_Name","name":"gc_Memory_Name","initParentAlias":"zenHealth","alias":"zenHealth.gc_Memory_Name","displayName":"gc_Memory_Name","fieldType":"java.lang.String","dataType":"VARCHAR","xtype":"textfield","fieldSize":"256","isPKey":false},{"fieldName":"non_Heap_Committed","name":"non_Heap_Committed","initParentAlias":"zenHealth","alias":"zenHealth.non_Heap_Committed","displayName":"non_Heap_Committed","fieldType":"java.lang.Double","dataType":"DOUBLE","xtype":"numberfield","fieldSize":"","isPKey":false},{"fieldName":"non_Heap_used","name":"non_Heap_used","initParentAlias":"zenHealth","alias":"zenHealth.non_Heap_used","displayName":"non_Heap_used","fieldType":"java.lang.Double","dataType":"DOUBLE","xtype":"numberfield","fieldSize":"","isPKey":false},{"fieldName":"heap_Committed","name":"heap_Committed","initParentAlias":"zenHealth","alias":"zenHealth.heap_Committed","displayName":"heap_Committed","fieldType":"java.lang.Double","dataType":"DOUBLE","xtype":"numberfield","fieldSize":"","isPKey":false},{"fieldName":"max_Memory","name":"max_Memory","initParentAlias":"zenHealth","alias":"zenHealth.max_Memory","displayName":"max_Memory","fieldType":"java.lang.Double","dataType":"DOUBLE","xtype":"numberfield","fieldSize":"","isPKey":false},{"fieldName":"free_Memory","name":"free_Memory","initParentAlias":"zenHealth","alias":"zenHealth.free_Memory","displayName":"free_Memory","fieldType":"java.lang.Double","dataType":"DOUBLE","xtype":"numberfield","fieldSize":"","isPKey":false},{"fieldName":"heap_Used","name":"heap_Used","initParentAlias":"zenHealth","alias":"zenHealth.heap_Used","displayName":"heap_Used","fieldType":"java.lang.Double","dataType":"DOUBLE","xtype":"numberfield","fieldSize":"","isPKey":false},{"fieldName":"total_Memory","name":"total_Memory","initParentAlias":"zenHealth","alias":"zenHealth.total_Memory","displayName":"total_Memory","fieldType":"java.lang.Double","dataType":"DOUBLE","xtype":"numberfield","fieldSize":"","isPKey":false},{"fieldName":"start_Time","name":"start_Time","initParentAlias":"zenHealth","alias":"zenHealth.start_Time","displayName":"start_Time","fieldType":"java.sql.Timestamp","dataType":"DATETIME","xtype":"datefield","fieldSize":"","isPKey":false},{"fieldName":"up_Time","name":"up_Time","initParentAlias":"zenHealth","alias":"zenHealth.up_Time","displayName":"up_Time","fieldType":"java.lang.Integer","dataType":"INT","xtype":"numberfield","fieldSize":"11","isPKey":false},{"fieldName":"cpu_Time","name":"cpu_Time","initParentAlias":"zenHealth","alias":"zenHealth.cpu_Time","displayName":"cpu_Time","fieldType":"java.lang.Double","dataType":"DOUBLE","xtype":"numberfield","fieldSize":"","isPKey":false},{"fieldName":"free_Physical_Size","name":"free_Physical_Size","initParentAlias":"zenHealth","alias":"zenHealth.free_Physical_Size","displayName":"free_Physical_Size","fieldType":"java.lang.Double","dataType":"DOUBLE","xtype":"numberfield","fieldSize":"","isPKey":false},{"fieldName":"total_Physical_Memory_Size","name":"total_Physical_Memory_Size","initParentAlias":"zenHealth","alias":"zenHealth.total_Physical_Memory_Size","displayName":"total_Physical_Memory_Size","fieldType":"java.lang.Double","dataType":"DOUBLE","xtype":"numberfield","fieldSize":"","isPKey":false},{"fieldName":"cpu_Load_Time","name":"cpu_Load_Time","initParentAlias":"zenHealth","alias":"zenHealth.cpu_Load_Time","displayName":"cpu_Load_Time","fieldType":"java.lang.Double","dataType":"DOUBLE","xtype":"numberfield","fieldSize":"","isPKey":false},{"fieldName":"free_Swap_Size","name":"free_Swap_Size","initParentAlias":"zenHealth","alias":"zenHealth.free_Swap_Size","displayName":"free_Swap_Size","fieldType":"java.lang.Double","dataType":"DOUBLE","xtype":"numberfield","fieldSize":"","isPKey":false},{"fieldName":"system_Load_Average","name":"system_Load_Average","initParentAlias":"zenHealth","alias":"zenHealth.system_Load_Average","displayName":"system_Load_Average","fieldType":"java.lang.Double","dataType":"DOUBLE","xtype":"numberfield","fieldSize":"","isPKey":false},{"fieldName":"total_Swap_Size","name":"total_Swap_Size","initParentAlias":"zenHealth","alias":"zenHealth.total_Swap_Size","displayName":"total_Swap_Size","fieldType":"java.lang.Double","dataType":"DOUBLE","xtype":"numberfield","fieldSize":"","isPKey":false},{"fieldName":"available_Processor","name":"available_Processor","initParentAlias":"zenHealth","alias":"zenHealth.available_Processor","displayName":"available_Processor","fieldType":"java.lang.Double","dataType":"DOUBLE","xtype":"numberfield","fieldSize":"","isPKey":false},{"fieldName":"total_Thread","name":"total_Thread","initParentAlias":"zenHealth","alias":"zenHealth.total_Thread","displayName":"total_Thread","fieldType":"java.lang.Double","dataType":"DOUBLE","xtype":"numberfield","fieldSize":"","isPKey":false},{"fieldName":"thread_Peak_Count","name":"thread_Peak_Count","initParentAlias":"zenHealth","alias":"zenHealth.thread_Peak_Count","displayName":"thread_Peak_Count","fieldType":"java.lang.Double","dataType":"DOUBLE","xtype":"numberfield","fieldSize":"","isPKey":false},{"fieldName":"thread_Started_Count","name":"thread_Started_Count","initParentAlias":"zenHealth","alias":"zenHealth.thread_Started_Count","displayName":"thread_Started_Count","fieldType":"java.lang.Double","dataType":"DOUBLE","xtype":"numberfield","fieldSize":"","isPKey":false},{"fieldName":"thread_Daemon_Count","name":"thread_Daemon_Count","initParentAlias":"zenHealth","alias":"zenHealth.thread_Daemon_Count","displayName":"thread_Daemon_Count","fieldType":"java.lang.Double","dataType":"DOUBLE","xtype":"numberfield","fieldSize":"","isPKey":false},{"fieldName":"thread_Cpu_Time","name":"thread_Cpu_Time","initParentAlias":"zenHealth","alias":"zenHealth.thread_Cpu_Time","displayName":"thread_Cpu_Time","fieldType":"java.lang.Double","dataType":"DOUBLE","xtype":"numberfield","fieldSize":"","isPKey":false},{"fieldName":"thread_User_Time","name":"thread_User_Time","initParentAlias":"zenHealth","alias":"zenHealth.thread_User_Time","displayName":"thread_User_Time","fieldType":"java.lang.String","dataType":"VARCHAR","xtype":"textfield","fieldSize":"256","isPKey":false},{"fieldName":"cpu_Load","name":"cpu_Load","initParentAlias":"zenHealth","alias":"zenHealth.cpu_Load","displayName":"cpu_Load","fieldType":"java.lang.Double","dataType":"DOUBLE","xtype":"numberfield","fieldSize":"","isPKey":false},{"fieldName":"used_Memory","name":"used_Memory","initParentAlias":"zenHealth","alias":"zenHealth.used_Memory","displayName":"used_Memory","fieldType":"java.lang.Double","dataType":"DOUBLE","xtype":"numberfield","fieldSize":"","isPKey":false},{"fieldName":"used_Swap_Size","name":"used_Swap_Size","initParentAlias":"zenHealth","alias":"zenHealth.used_Swap_Size","displayName":"used_Swap_Size","fieldType":"java.lang.Double","dataType":"DOUBLE","xtype":"numberfield","fieldSize":"","isPKey":false},{"fieldName":"used_Physical_Memory","name":"used_Physical_Memory","initParentAlias":"zenHealth","alias":"zenHealth.used_Physical_Memory","displayName":"used_Physical_Memory","fieldType":"java.lang.Double","dataType":"DOUBLE","xtype":"numberfield","fieldSize":"","isPKey":false}],"inputParams":[]}#appfire#App Server Memory Usage#appfire#APP SERVER MEMORY USAGE#appfire#ba9dced8-453e-49a3-b627-d497a1f91b17#appfire#V2MXXYAJDUDCAECCLYJUQ#appfire#1#appfire#0#appfire#2015-11-30 10:55:09#appfire#0#appfire#2015-11-30 10:55:09#appfire#0#appfire#1#appfire#\N
70F3480E-8A73-4489-ACDE-9408914C9379#appfire#select e from SessionData e where e.systemInfo.activeStatus=1 and e.appSessionId=:appSessionId and e.sessionKey =:sessionKey#appfire#1#appfire#\N#appfire#findBySessionKey#appfire#FINDBYSESSIONKEY#appfire#\N#appfire#V2MXXYAJDUDCAECCLYJUQ#appfire#1#appfire#0#appfire#2015-11-30 10:55:09#appfire#0#appfire#2015-11-30 10:55:09#appfire#0#appfire#1#appfire#\N
A86F9361-4023-47F6-B954-B1150F93041F#appfire#SELECT u FROM Login u WHERE u.systemInfo.activeStatus=1 AND u.user.userId NOT IN (SELECT ub.userId FROM UserRoleBridge ub)#appfire#1#appfire#\N#appfire#findUnMappedUser#appfire#FINDUNMAPPEDUSER#appfire#ba9dced8-453e-49a3-b627-d497a1f91b17#appfire#V2MXXYAJDUDCAECCLYJUQ#appfire#1#appfire#0#appfire#2015-11-30 10:55:09#appfire#0#appfire#2015-11-30 10:55:09#appfire#0#appfire#1#appfire#\N
B5DC65F2-9DBD-4890-9325-63A73DFF3726#appfire#select e from SessionData e where e.systemInfo.activeStatus=1 and e.appSessionId=:appSessionId#appfire#1#appfire#\N#appfire#SessionData.findByAppSessionId#appfire#SESSIONDATA.FINDBYAPPSESSIONID#appfire#\N#appfire#V2MXXYAJDUDCAECCLYJUQ#appfire#1#appfire#0#appfire#2015-11-30 10:55:09#appfire#0#appfire#2015-11-30 10:55:09#appfire#0#appfire#1#appfire#\N
D7E2F11D-3190-4F26-90B5-F021F8308345#appfire#delete from SessionData e where e.systemInfo.activeStatus=1 and e.appSessionId=:appSessionId#appfire#1#appfire#\N#appfire#deleteAllSessionData#appfire#DELETEALLSESSIONDATA#appfire#\N#appfire#V2MXXYAJDUDCAECCLYJUQ#appfire#1#appfire#0#appfire#2015-11-30 10:55:09#appfire#0#appfire#2015-11-30 10:55:09#appfire#0#appfire#1#appfire#\N
